season,episode,name,description,rating,airdate,link
1,1,Slumber Party Panic,Princess Bumblegum's latest experiment accidentally unleashes an undead horde upon the Candy Kingdom.,7.7,1270418400,http://www.imdb.com//title/tt1615520/?ref_=ttep_ep1
1,2,Trouble in Lumpy Space,"Jake is bitten by Lumpy Space Princess and begins to transform into a Lumpy being. In order to find a cure, Finn is travels to Lumpy Space.",7.6,1270418400,http://www.imdb.com//title/tt1615521/?ref_=ttep_ep2
1,3,Prisoners of Love,"After the Ice King kidnaps a large group of princesses, its up to Finn and Jake to free them.",7.5,1271023200,http://www.imdb.com//title/tt1622039/?ref_=ttep_ep3
1,4,Tree Trunks,"Tree Trunks joins Finn and Jake on an quest, but finds her talents for adventuring leave something to be desired.",7.7,1271023200,http://www.imdb.com//title/tt1626279/?ref_=ttep_ep4
1,5,The Enchiridion!,"Princess Bubblegum sends Finn on his most challenging quest yet--to recover The Enchiridion, the hero's handbook.",7.9,1271628000,http://www.imdb.com//title/tt1626278/?ref_=ttep_ep5
1,6,The Jiggler,"After finding a Jiggler in the wild, Finn and Jake decide to adopt the funny creature as a pet.",7.4,1271628000,http://www.imdb.com//title/tt2237922/?ref_=ttep_ep6
1,7,Ricardio the Heart Guy,"A new stranger arrives in the Candy Kingdom: a charismatic talking heart named Ricardio. He soon becomes very popular, except to Finn who believes he's hiding something.",7.5,1272232800,http://www.imdb.com//title/tt1626280/?ref_=ttep_ep7
1,8,Business Time,Finn and Jake discover a tribe of businessmen frozen in a block of ice and hire them to make adventuring easier.,7.8,1272232800,http://www.imdb.com//title/tt2237940/?ref_=ttep_ep8
1,9,My Two Favorite People,"Jake tries hanging out with both his best friend, Finn, and his girlfriend, Lady Rainicorn, at the same time. But soon Jake becomes jealous when Finn and Lady seem too friendly.",7.8,1272837600,http://www.imdb.com//title/tt2237954/?ref_=ttep_ep9
1,10,Memories of Boom Boom Mountain,"While having trouble solving the contradictory problems of the residents of a mountain village, Finn recalls where he found the desire to help people.",8.0,1272837600,http://www.imdb.com//title/tt1685055/?ref_=ttep_ep10
1,11,Wizard,Finn and Jake discover a secret tribe of wizards and take magic lessons for a price they aren't prepared to pay.,8.1,1273442400,http://www.imdb.com//title/tt1698778/?ref_=ttep_ep11
1,12,Evicted!,After Marceline the Vampire Queen visits Finn and Jake at their tree fort she informs them that she is moving in and kicking them out.,8.3,1274047200,http://www.imdb.com//title/tt2237972/?ref_=ttep_ep12
1,13,City of Thieves,A mission leads Jake into a city where everyone is a thief and the chance to be corrupted is incredibly strong.,7.9,1274652000,http://www.imdb.com//title/tt1699254/?ref_=ttep_ep13
1,14,The Witch's Garden,"A witch steals Jake's shape-shifting powers, but his ego makes getting them back very difficult.",7.6,1275861600,http://www.imdb.com//title/tt1698782/?ref_=ttep_ep14
1,15,What Is Life?,Finn creates a robot to continuously throw pies at Jake but unexpectedly imbues it with a soul.,7.8,1276466400,http://www.imdb.com//title/tt1698784/?ref_=ttep_ep15
1,16,Ocean of Fear,Finn must overcome his fear of the ocean.,7.9,1277071200,http://www.imdb.com//title/tt1698780/?ref_=ttep_ep16
1,17,When Wedding Bells Thaw,The Ice King announces that he is engaged and to the shock of Finn and Jake it seems the bride is actually willing. But will the Ice King give up his princess kidnapping ways?,7.3,1277762400,http://www.imdb.com//title/tt1698783/?ref_=ttep_ep17
1,18,Dungeon,"Finn adventures into a forbidden dungeon, against the wishes of Princess Bumblegum and Jake, and finds more than he bargained for.",8.4,1278885600,http://www.imdb.com//title/tt1698777/?ref_=ttep_ep18
1,19,The Duke,"An accident in the Candy Kingdom which Finn and Jake cause is blamed on the Duke of Nuts. Finn and Jake, however, find admitting the truth to be harder and harder as time passes.",7.6,1279490400,http://www.imdb.com//title/tt1698781/?ref_=ttep_ep19
1,20,Freak City,A trickster turns Finn into a giant foot.,7.6,1280095200,http://www.imdb.com//title/tt1698779/?ref_=ttep_ep20
1,21,Donny,"Finn and Jake try to reform a bullying ogre, but realize that their good deed has unexpected consequences.",7.4,1281304800,http://www.imdb.com//title/tt1901191/?ref_=ttep_ep21
1,22,Henchman,Marceline the Vampire Queen tricks Finn into swearing allegiance to her.,8.0,1282514400,http://www.imdb.com//title/tt1698775/?ref_=ttep_ep22
1,23,Rainy Day Daydream,"Jake's imagination literally runs wild, coming to life and bringing many dangers into the tree house.",8.1,1283724000,http://www.imdb.com//title/tt1748407/?ref_=ttep_ep23
1,24,What Have You Done?,"After being told to arrest the Ice King, Finn and Jake face an ethical quandary when they realize the villain has not actually committed any recent crimes.",7.7,1284328800,http://www.imdb.com//title/tt1763360/?ref_=ttep_ep24
1,25,His Hero,"Finn meets his hero, the great warrior Billy, who is not everything Finn expected him to be.",7.8,1284933600,http://www.imdb.com//title/tt1748408/?ref_=ttep_ep25
1,26,Gut Grinder,"Jake is accused of being a horrible monster that has been terrorizing the locals. Soon, Jake himself is unsure if he is or isn't the monster.",7.5,1285538400,http://www.imdb.com//title/tt1698773/?ref_=ttep_ep26
2,1,It Came from the Nightosphere,"Finn summons the Lord of Evil to reconcile with his daughter, Marceline the Vampire Queen, but ends up unleashing him of the unsuspecting land.",8.7,1286748000,http://www.imdb.com//title/tt1748406/?ref_=ttep_ep1
2,2,The Eyes,"Because of a creepy horse outside their window, Finn and Jake cannot get any sleep.",8.0,1287352800,http://www.imdb.com//title/tt1886798/?ref_=ttep_ep2
2,3,Loyalty to the King,"After shaving, the Ice King is mistaken as a good guy and takes advantage of the situation.",7.6,1287957600,http://www.imdb.com//title/tt1886799/?ref_=ttep_ep3
2,4,Blood Under the Skin,Finn is made fun of by a group of knights and reacts by questing for a set of magical armor that will earn him respect.,7.8,1288566000,http://www.imdb.com//title/tt1761052/?ref_=ttep_ep4
2,5,Storytelling,"Unable to give a sick Jake an entertaining story, Finn sets off into the woods to discover a true story.",7.8,1289170800,http://www.imdb.com//title/tt1886801/?ref_=ttep_ep5
2,6,Slow Love,Finn and Jake try to find a girlfriend for a giant snail so that it will stop wrecking their tree-house.,7.1,1289775600,http://www.imdb.com//title/tt1886802/?ref_=ttep_ep6
2,7,Power Animal,"Finn is kidnapped, but Jake's short attention span means rescue is dubious.",7.9,1290380400,http://www.imdb.com//title/tt1886803/?ref_=ttep_ep7
2,8,Crystals Have Power,Jake swears a life of non-violence right before a race of indestructible crystal-men abduct Finn to another dimension.,7.5,1290985200,http://www.imdb.com//title/tt1805579/?ref_=ttep_ep8
2,9,The Other Tarts,Finn and Jake are given one of the highest responsibilities: transporting and guarding the rarest pastry in the Candy Kingdom.,8.2,1294009200,http://www.imdb.com//title/tt1819780/?ref_=ttep_ep9
2,10,To Cut a Woman's Hair,An evil witch threatens to crush Jake to death if Finn doesn't deliver her the hair of a princess.,8.0,1294614000,http://www.imdb.com//title/tt1821733/?ref_=ttep_ep10
2,11,The Chamber of Frozen Blades,"While he's away, Finn and Jake sneak into Ice King's fortress.",7.9,1295218800,http://www.imdb.com//title/tt1880431/?ref_=ttep_ep11
2,12,Her Parents,"Anxious about meeting Lady Rainicorn's parents, Jake tries to pass himself off as a Rainicorn.",7.8,1295823600,http://www.imdb.com//title/tt1833240/?ref_=ttep_ep12
2,13,The Pods,"Given the duty of protecting three magic beans, one evil and two good, Finn and Jake decide to plant them to find out which is which.",7.7,1296428400,http://www.imdb.com//title/tt1831849/?ref_=ttep_ep13
2,14,The Silent King,"After defeating their king, Finn becomes the new ruler of the Goblin people, and finds that their strange ways are too difficult to understand.",7.7,1297033200,http://www.imdb.com//title/tt1854417/?ref_=ttep_ep14
2,15,The Real You,"Nervous about giving a speech at Princess Bubblegum's science conference and barbecue, Finn finds a magical pair of glasses that make him the smartest being in the land.",8.2,1297638000,http://www.imdb.com//title/tt1853820/?ref_=ttep_ep15
2,16,Guardians of Sunshine,Finn and Jake become trapped inside one of BMO's video game creations.,8.1,1298242800,http://www.imdb.com//title/tt1853819/?ref_=ttep_ep16
2,17,Death in Bloom,"After accidentally killing Princess Bubblegum's beloved plant, Finn and Jake travel to the land of the dead to bring it back to life.",8.4,1298847600,http://www.imdb.com//title/tt1853818/?ref_=ttep_ep17
2,18,Susan Strong,"Having always believed he is the only human left in the Land of Ooo, Finn believes he has discovered a tribe to primitive humans living underground.",7.8,1299452400,http://www.imdb.com//title/tt1868123/?ref_=ttep_ep18
2,19,Mystery Train,"While traveling on a train, Finn and Jake find themselves in the middle of a murder mystery.",8.4,1300057200,http://www.imdb.com//title/tt1868122/?ref_=ttep_ep19
2,20,Go with Me,Jake and Marceline give Finn conflicting advise on how to ask out Princess Bubblegum.,8.1,1301263200,http://www.imdb.com//title/tt1885473/?ref_=ttep_ep20
2,21,Belly of the Beast,"Finn and Jake must save a group of clueless, party-minded teddy bears living inside the belly of a monster.",8.1,1301868000,http://www.imdb.com//title/tt1885472/?ref_=ttep_ep21
2,22,The Limit,An enormous maze tests the limit of Jake's stretching power.,8.3,1302472800,http://www.imdb.com//title/tt1916786/?ref_=ttep_ep22
2,23,Video Makers,"Finn and Jake set out to make their own movie, but have conflicting visions of what their movie should be.",8.0,1303077600,http://www.imdb.com//title/tt1916787/?ref_=ttep_ep23
2,24,Mortal Folly,"The Lich, the greatest form of pure evil in the land of Ooo, is accidentally unleashed. With the highest stakes, Finn and Jake set out on the most serious adventure of their career.",8.7,1304287200,http://www.imdb.com//title/tt1912555/?ref_=ttep_ep24
2,25,Mortal Recoil,"With the evil Lich seemingly defeated, Finn and Jake are uneasy with their success because of its great cost.",8.8,1304287200,http://www.imdb.com//title/tt2332046/?ref_=ttep_ep25
2,26,Heat Signature,"Finn and Jake ask Marceline the Vampire Queen to turn them into vampires. However, she isn't interested in transforming her friends and tricks them into thinking she has.",7.6,1304892000,http://www.imdb.com//title/tt1916785/?ref_=ttep_ep26
3,1,Conquest of Cuteness,Finn and Jake come under attack in their home from a race of super-evil creatures which are too cute to be taken seriously.,7.6,1310335200,http://www.imdb.com//title/tt1989733/?ref_=ttep_ep1
3,2,Morituri Te Salutamus,Finn and Jake end up in a haunted arena where they must fight ghost gladiators to escape.,7.7,1310940000,http://www.imdb.com//title/tt1991301/?ref_=ttep_ep2
3,3,Memory of a Memory,"Finding their friend, Marceline the Vampire Queen, in a deep sleep, a mysterious stranger helps Finn and Jake by sending them into her dreams to awaken her.",8.6,1311544800,http://www.imdb.com//title/tt2006936/?ref_=ttep_ep3
3,4,Hitman,"The Ice King looks to hire a professional bully to beat up Finn and Jake, but inadvertently hires a deadly, unstoppable contract killer.",8.0,1312149600,http://www.imdb.com//title/tt2017067/?ref_=ttep_ep4
3,5,Too Young,Finn is happy that Princess Bubblegum has regressed to the same age as him. But soon a challenger for the throne arrives to unseat the newly underage princess.,8.5,1312754400,http://www.imdb.com//title/tt2017068/?ref_=ttep_ep5
3,6,The Monster,"The king and queen of Lumpy Space ask Finn to find and return Lumpy Space Princess, who has been living in the woods and mistaken as a monster.",7.5,1313359200,http://www.imdb.com//title/tt2040620/?ref_=ttep_ep6
3,7,Still,"The Ice King uses a potion that paralyzes Finn and Jake, who become the lonely villain's unwilling best friends.",7.7,1313964000,http://www.imdb.com//title/tt2036509/?ref_=ttep_ep7
3,8,Wizard Battle,"The Ice King enters a battle of wizards from all over the Land of Ooo, to win a kiss from Princess Bubblegum--which Finn and Jake look to prevent.",7.6,1314568800,http://www.imdb.com//title/tt2040621/?ref_=ttep_ep8
3,9,Fionna and Cake,"In a world where all the characters are different genders, the adventurer Fionna gets advice from her cat-friend Cake on her date with Prince Gumball.",8.6,1320447600,http://www.imdb.com//title/tt2004450/?ref_=ttep_ep9
3,10,What Was Missing,"In order to open a magic door filled with stolen items, Finn and all his friends must perform in a band. But everyone's differing musical tastes and overall tensions make things difficult.",8.6,1316988000,http://www.imdb.com//title/tt2042741/?ref_=ttep_ep10
3,11,Apple Thief,"After Tree Trunks finds her apples have gone missing, Finn and Jake search the criminal underworld of the Candy Kingdom to recover them.",6.9,1317592800,http://www.imdb.com//title/tt2113842/?ref_=ttep_ep11
3,12,The Creeps,Finn's masquerade birthday party turns into a deadly mystery.,8.3,1318802400,http://www.imdb.com//title/tt2113846/?ref_=ttep_ep12
3,13,From Bad to Worse,The undead plague returns to the Candy Kingdom.,8.2,1319407200,http://www.imdb.com//title/tt2113844/?ref_=ttep_ep13
3,14,Beautopia,Susan Strong returns and asks Finn and Jake to save her people from the Glubs. But Finn is still not sure if he can trust her after last time.,7.8,1320620400,http://www.imdb.com//title/tt2100698/?ref_=ttep_ep14
3,15,No One Can Hear You,"After trying to stop a deer that has been licking the Candy Kingdom people, Finn wakes up in a hospital to find everyone missing expect Jake who is acting very strange.",8.2,1321225200,http://www.imdb.com//title/tt2113845/?ref_=ttep_ep15
3,16,Jake vs. Me-Mow,"A tiny cat assassin tries to black mail Jake into killing someone, by hiding in his nose with some poison.",8.0,1321830000,http://www.imdb.com//title/tt2133419/?ref_=ttep_ep16
3,17,Thank You,A fire-breathing wolf cub becomes lost in the snowy woods and becomes unlikely friends with a tall snow-creature.,8.8,1322002800,http://www.imdb.com//title/tt2137517/?ref_=ttep_ep17
3,18,The New Frontier,"Jake has a dream that seems to foretell his death but, to Finn's dismay, doesn't take it serious.",7.3,1322434800,http://www.imdb.com//title/tt2211271/?ref_=ttep_ep18
3,19,Holly Jolly Secrets Part I,"In Finn and Jake's holiday special, the heroes come across a video diary of the Ice King's and attempt to decipher its secrets.",7.7,1323039600,http://www.imdb.com//title/tt2119588/?ref_=ttep_ep19
3,20,Holly Jolly Secrets Part II,"In part two of the holiday special, The Ice King tries to get his video diary back from Finn and Jake.",8.6,1323039600,http://www.imdb.com//title/tt2188997/?ref_=ttep_ep20
3,21,Marceline's Closet,"Bored waiting for her, Finn and Jake sneak into Marceline's house, become trapped when she comes home, and witness her strange behavior when she's alone.",8.3,1323644400,http://www.imdb.com//title/tt2149303/?ref_=ttep_ep21
3,22,Paper Pete,"A secret war takes place in the library between tiny paper people and mold creatures, and Finn is brought into the middle of it all.",7.2,1326668400,http://www.imdb.com//title/tt2211269/?ref_=ttep_ep22
3,23,Another Way,"Finn journeys for a cyclops's magical tears to cure his injuries, but have trouble because of his stubborn inability to follow the advice of others.",7.7,1327273200,http://www.imdb.com//title/tt2211261/?ref_=ttep_ep23
3,24,Ghost Princess,Finn and Jake try to help Ghost Princess by solving her murder.,7.6,1327878000,http://www.imdb.com//title/tt2211265/?ref_=ttep_ep24
3,25,Dad's Dungeon,Finn and Jake discover a lost message from their dad which sends them to a mysterious and dangerous dungeon.,8.3,1328482800,http://www.imdb.com//title/tt2211263/?ref_=ttep_ep25
3,26,Incendium,"Trying to help Finn get over his hopeless feelings for Princess Bubblegum, Jake sets out to find a new princess for Finn to go out with.",8.2,1329087600,http://www.imdb.com//title/tt2211267/?ref_=ttep_ep26
4,1,Hot to the Touch,"Refusing to believe that she is evil, Finn tries to win over his new crush, Flame Princess.",8.1,1333317600,http://www.imdb.com//title/tt2320185/?ref_=ttep_ep1
4,2,Five Short Graybles,"Five short stories of Finn, Jake and their friends.",7.9,1333922400,http://www.imdb.com//title/tt2357553/?ref_=ttep_ep2
4,3,Web Weirdos,"After being caught by a giant spider, Finn and Jake try and help the arachnid with its marital problems so they won't be eaten.",6.9,1334527200,http://www.imdb.com//title/tt2357555/?ref_=ttep_ep3
4,4,Dream of Love,Tree Trunks finds love but her public displays of affection nauseate everyone around her.,6.1,1335132000,http://www.imdb.com//title/tt2383079/?ref_=ttep_ep4
4,5,Return to the Nightosphere,Finn and Jake find themselves imprisoned in the dark realm of the Nightosphere with no memory of how they came to be there.,8.1,1335736800,http://www.imdb.com//title/tt2319774/?ref_=ttep_ep5
4,6,Daddy's Little Monster,"Continuing their mysterious quest in the Nightosphere, Finn and Jake must rescue their friend Marceline the Vampire Queen.",8.2,1335736800,http://www.imdb.com//title/tt2301420/?ref_=ttep_ep6
4,7,In Your Footsteps,"A cute, bumbling bear begins to follow and mimic Finn. At first Finn enjoys having the furry admirer, but soon becomes uneasy with the bear's devotion.",7.5,1336341600,http://www.imdb.com//title/tt2382051/?ref_=ttep_ep7
4,8,Hug Wolf,"A Hug Wolf, a monstrous wolf that gives hugs against the will of its victims, turns Finn into one of its kind.",7.3,1336946400,http://www.imdb.com//title/tt2386441/?ref_=ttep_ep8
4,9,Princess Monster Wife,The Ice King steals various body parts from all the princesses to construct his own perfect princess bride.,7.4,1338156000,http://www.imdb.com//title/tt2310690/?ref_=ttep_ep9
4,10,Goliad,"Princess Bubblegum uses her own DNA to create an intelligent and immortal sphinx which is planned to one day succeed her to the throne, except that Finn and Jake accidentally affect those plans.",7.9,1338760800,http://www.imdb.com//title/tt2185414/?ref_=ttep_ep10
4,11,Beyond This Earthly Realm,"A magic curse turns Finn into a ghost, invisible to everyone but the Ice King.",7.7,1339279200,http://www.imdb.com//title/tt2311108/?ref_=ttep_ep11
4,12,Gotcha!,Lumpy Space Princess sets out to write a book on how to catch a man and goes undercover as Finn and Jake's secretary in order to seduce Finn.,7.1,1339970400,http://www.imdb.com//title/tt2195216/?ref_=ttep_ep12
4,13,Princess Cookie,The Candy Kingdom faces a hostage crisis from a cookie that demands Princess Bubblegum's crown.,8.5,1340575200,http://www.imdb.com//title/tt2258518/?ref_=ttep_ep13
4,14,Card Wars,"As Finn joins in on Jake's favorite, hyper-complicated card game, emotions and poor gamesmanship run high.",8.3,1342389600,http://www.imdb.com//title/tt2248316/?ref_=ttep_ep14
4,15,Sons of Mars,"Magic Man switches bodies with Jake so that he can escape his trial on Mars, leaving it up to Finn to reveal the truth and save his friend.",8.2,1342994400,http://www.imdb.com//title/tt2259192/?ref_=ttep_ep15
4,16,Burning Low,"Finn and Flame Princess cautiously begin a relationship as boyfriend and girlfriend, of which Princess Bubblegum disapproves.",8.4,1343599200,http://www.imdb.com//title/tt2275824/?ref_=ttep_ep16
4,17,BMO Noire,BMO uses hard-boiled detective skills to locate Finn's missing sock.,8.1,1344204000,http://www.imdb.com//title/tt2311110/?ref_=ttep_ep17
4,18,King Worm,"Finn finds himself trapped in a bizarre dream, the outcome of which may determine if he ever wakes up.",8.2,1344808800,http://www.imdb.com//title/tt2333836/?ref_=ttep_ep18
4,19,Lady & Peebles,Princess Bubblegum and Lady Rainicorn must rescue Finn and Jake.,7.9,1345413600,http://www.imdb.com//title/tt2323656/?ref_=ttep_ep19
4,20,You Made Me,"The would-be usurper to the throne, Lemongrab, returns to the Candy Kingdom, demanding volunteer subjects for his own kingdom.",8.0,1346018400,http://www.imdb.com//title/tt2333862/?ref_=ttep_ep20
4,21,Who Would Win,"While training for an epic battle, Finn and Jake take their frustrations out in a fight against each other.",7.5,1346623200,http://www.imdb.com//title/tt2365224/?ref_=ttep_ep21
4,22,Ignition Point,"Finn and Jake sneak into the Fire Kingdom to retrieve some of Flame Princess' things, and stumble onto a plot to kill the Flame King.",7.8,1347832800,http://www.imdb.com//title/tt2375154/?ref_=ttep_ep22
4,23,The Hard Easy,A tribe of swamp creatures ask Finn and Jake to save them from a Mega Frog.,7.7,1349042400,http://www.imdb.com//title/tt2401576/?ref_=ttep_ep23
4,24,Reign of Gunters,"While the Ice King is away, his sidekick Gunther the penguin uses a magic amulet to conquer the countryside and attack the Candy Kingdom.",8.0,1349647200,http://www.imdb.com//title/tt2401582/?ref_=ttep_ep24
4,25,I Remember You,The Ice King asks Marcelline the Vampire Queen to help him write a song.,9.4,1350252000,http://www.imdb.com//title/tt2401584/?ref_=ttep_ep25
4,26,The Lich,Finn has an unclear premonition involving The Lich and sets out to stop the undead creature.,8.8,1350856800,http://www.imdb.com//title/tt2401636/?ref_=ttep_ep26
5,1,Finn the Human,Finn's wish to stop the evil Lich has massive cosmic consequences.,8.8,1352674800,http://www.imdb.com//title/tt2459530/?ref_=ttep_ep1
5,2,Jake the Dog,Following the unexpected consequences of Finn's cosmic wish it's up to the Jake -- and his short attention span -- to set things right.,9.2,1352674800,http://www.imdb.com//title/tt2459528/?ref_=ttep_ep2
5,3,Five More Short Graybles,Five more short stories with one connecting theme.,7.6,1353279600,http://www.imdb.com//title/tt2506708/?ref_=ttep_ep3
5,4,Up a Tree,"Having been magical shrunk to the size of a forest animal, Finn takes up a quest to climb a tree and retrieve his lost flying disc.",7.8,1353884400,http://www.imdb.com//title/tt2510956/?ref_=ttep_ep4
5,5,All the Little People,"Finn receives a mysterious bag that contains what appears to be living toys of everyone he knows, which playing with has unexpected results.",8.5,1354489200,http://www.imdb.com//title/tt2539922/?ref_=ttep_ep5
5,6,Jake the Dad,Lady gives birth to a litter of puppies and Jake becomes an eager but frantic father.,8.2,1357513200,http://www.imdb.com//title/tt2597414/?ref_=ttep_ep6
5,7,Davey,"Finn becomes Davey, an alter-ego, everyman in order to escape the attention of fame and becomes consumed by his new identity.",7.7,1358118000,http://www.imdb.com//title/tt2606674/?ref_=ttep_ep7
5,8,Mystery Dungeon,"Ice King, Neptr, Tree Trunks, Shelby and Lemongrab wake up in a dungeon and must work together to escape.",8.2,1358722800,http://www.imdb.com//title/tt2617736/?ref_=ttep_ep8
5,9,All Your Fault,Lemongrab sends a distress message to the Candy Kingdom which Finn and Jake respond to.,8.1,1359327600,http://www.imdb.com//title/tt2620058/?ref_=ttep_ep9
5,10,Little Dude,Finn's hat comes to life.,7.6,1359932400,http://www.imdb.com//title/tt2620066/?ref_=ttep_ep10
5,11,Bad Little Boy,A return to the gender-swapped world with Fionna and Cake and Marshall Lee the Vampire King.,8.3,1361142000,http://www.imdb.com//title/tt2459526/?ref_=ttep_ep11
5,12,Vault of Bones,Finn and Flame Princess explore a dungeon together.,8.0,1361746800,http://www.imdb.com//title/tt2620072/?ref_=ttep_ep12
5,13,The Great Bird Man,"Finn and Jake get lost in the badlands and are saved by Xergiok, ex-Goblin King who now lives in a cave. A look at what Ice King and Marceline were like 996 years ago.",7.7,1362351600,http://www.imdb.com//title/tt2620078/?ref_=ttep_ep13
5,14,Simon & Marcy,"Marceline tells Finn and Jake about her and Ice King's past, 996 years ago.",9.5,1364166000,http://www.imdb.com//title/tt2620082/?ref_=ttep_ep14
5,15,A Glitch Is a Glitch,"Ice King creates a computer virus to delete everybody except him and Princess Bubblegum. Stuck inside the treehouse during a sword storm, Jake builds a pillow fort while Finn goes to a different world.",8.2,1364767200,http://www.imdb.com//title/tt2620092/?ref_=ttep_ep15
5,16,Puhoy,"Depressed by his feelings with Flame Princess, Finn enters a pillow fort where he enters a new world and makes a new life for himself.",8.7,1365372000,http://www.imdb.com//title/tt2620086/?ref_=ttep_ep16
5,17,BMO Lost,BMO gets snatched away by a giant eagle and must find his way home.,8.0,1365976800,http://www.imdb.com//title/tt2620102/?ref_=ttep_ep17
5,18,Princess Potluck,Ice King does everything possible to ruin a princess potluck he believes he didn't get invited to.,7.7,1366581600,http://www.imdb.com//title/tt2620098/?ref_=ttep_ep18
5,19,James Baxter the Horse,Finn and Jake meet a horse with the power to make sad people happy.,7.8,1367791200,http://www.imdb.com//title/tt2620106/?ref_=ttep_ep19
5,20,Shh!,Finn and Jake hold a contest to see who can last longer without talking.,8.0,1368396000,http://www.imdb.com//title/tt2620116/?ref_=ttep_ep20
5,21,The Suitor,Peppermint Butler thinks Princess Bubblegum is spending too much time in her lab and decides she needs a suitor.,7.5,1369000800,http://www.imdb.com//title/tt2620118/?ref_=ttep_ep21
5,22,"The Party's Over, Isla de Señorita ","After becoming tired of always losing to Finn and Jake and failing to win Princess Bubblegum's love, Ice King decides to throw in the towel.",7.7,1369605600,http://www.imdb.com//title/tt2620122/?ref_=ttep_ep22
5,23,One Last Job,"Jake Jr. gets mixed up with some bad eggs, and Jake reunites with his old gang to save her.",7.9,1370815200,http://www.imdb.com//title/tt2620096/?ref_=ttep_ep23
5,24,Another Five More Short Graybles,"Five short stories, some involving Finn and Jake building a time machine.",7.6,1371420000,http://www.imdb.com//title/tt2620126/?ref_=ttep_ep24
5,25,Candy Streets,Lumpy Space Princess is robbed and faints before she can tell Finn and Jake who robbed her.,7.7,1372024800,http://www.imdb.com//title/tt2620128/?ref_=ttep_ep25
5,26,"Wizards Only, Fools ",Princess Bubblegum believes magic is nothing but a bunch of hooey until Starchy gets sick.,7.8,1372629600,http://www.imdb.com//title/tt2620130/?ref_=ttep_ep26
5,27,Jakesuit,Jake is sick and tired of Finn using his body as a suit of armor.,7.9,1373839200,http://www.imdb.com//title/tt3021416/?ref_=ttep_ep27
5,28,Be More,Finn and Jake disguise themselves as MOs in order to infiltrate the MO factory.,8.5,1374444000,http://www.imdb.com//title/tt3021418/?ref_=ttep_ep28
5,29,Sky Witch,Princess Bubblegum and Marceline team up to reclaim lost property.,8.1,1375048800,http://www.imdb.com//title/tt3021422/?ref_=ttep_ep29
5,30,Frost & Fire,"After Flame Princess battles Ice King, Finn has an exciting dream.",8.1,1375653600,http://www.imdb.com//title/tt3084366/?ref_=ttep_ep30
5,31,Too Old,"Finn and Princess Bubblegum discover a talented lemon citizen named Lemonhope while on a diplomatic trip to Castle Lemongrab; also, something strange is happening to the Earls of Lemongrab, leading to their society crumbling.",7.5,1376258400,http://www.imdb.com//title/tt3116518/?ref_=ttep_ep31
5,32,Earth & Water,Princess Bubblegum subjects Flame Princess to a series of tests to gauge Fire Princess' fiery tendencies.,7.7,1378072800,http://www.imdb.com//title/tt3146612/?ref_=ttep_ep32
5,33,Time Sandwich,Jake crafts the most delicious sandwich ever.,8.3,1378677600,http://www.imdb.com//title/tt3094552/?ref_=ttep_ep33
5,34,The Vault,Jake and BMO help Finn tap into his repressed memories to uncover a secret past.,8.4,1379282400,http://www.imdb.com//title/tt3156934/?ref_=ttep_ep34
5,35,Love Games,Slime Princess needs a husband or else she'll lose the Slime Kingdom to her obnoxious sister.,7.0,1379887200,http://www.imdb.com//title/tt3156938/?ref_=ttep_ep35
5,36,Dungeon Train,Finn and Jake discover a train where every car is a dungeon filled with a new foe for Finn to fight.,7.9,1380492000,http://www.imdb.com//title/tt3156936/?ref_=ttep_ep36
5,37,Box Prince,Finn meets the Box Prince (a cat with a box on its back) and discovers the Box Kingdom has been taken over by an impostor.,7.0,1381096800,http://www.imdb.com//title/tt3238508/?ref_=ttep_ep37
5,38,Red Starved,"Finn, Jake and Marceline become trapped underground. Starving for anything red Marceline begins to loose control and turns her eyes to Finn and Jake's blood.",7.5,1381701600,http://www.imdb.com//title/tt3238506/?ref_=ttep_ep38
5,39,We Fixed a Truck,Finn and Jake find a broken down pickup truck and enlist the help of BMO and Banana Man to fix it.,7.8,1382306400,http://www.imdb.com//title/tt3245274/?ref_=ttep_ep39
5,40,Play Date,"Sick and tired of babysitting Ice King while the Ice Kingdom is being rebuilt, Finn and Jake call up an old friend to hang out with their annoying houseguest: Abracadaniel. But when Ice ...
                    See full summary »",7.5,1383519600,http://www.imdb.com//title/tt3313438/?ref_=ttep_ep40
5,41,The Pit,"Kee-Oth the Blood Demon has kidnapped Jake, taken him back to his dimension and thrown him in a pit. If Finn wants to rescue his friend, he's going to need Lady Rainicorn's help... and a ...
                    See full summary »",7.6,1384729200,http://www.imdb.com//title/tt3316440/?ref_=ttep_ep41
5,42,James,"Finn and Jake accompany Princess Bubblegum on her study of the Desert of Wonders. However, they are soon attacked by goo monsters, and Finn and Jake think that Bubblegum's robot helper James is to blame.",7.7,1385334000,http://www.imdb.com//title/tt3307028/?ref_=ttep_ep42
5,43,Root Beer Guy,"Root beer guy must put aside his common everyday life to search for the truth behind the murders, lies, and deceit in the Candy Kingdom.",8.2,1385938800,http://www.imdb.com//title/tt3394982/?ref_=ttep_ep43
5,44,Apple Wedding,Tree Trunks and Mr. Pig are getting married.,7.5,1389567600,http://www.imdb.com//title/tt3472104/?ref_=ttep_ep44
5,45,Blade of Grass,Finn gets a new sword.,8.7,1390172400,http://www.imdb.com//title/tt3452502/?ref_=ttep_ep45
5,46,Rattleballs,Finn meets an old robot in the junkyard who promises to make Finn into a master swordsman.,8.3,1390777200,http://www.imdb.com//title/tt3468222/?ref_=ttep_ep46
5,47,The Red Throne,The Fire King and Don John the Flame Lord take over the Fire Kingdom. Now Flame Princess must use Finn's and Cinnamon Bun's help to get it back.,7.8,1391986800,http://www.imdb.com//title/tt3529740/?ref_=ttep_ep47
5,48,Betty,"The Ice King loses his powers, reverts to his old human-self, and begins to wither away due to being over a thousand years old.",8.8,1393196400,http://www.imdb.com//title/tt3551386/?ref_=ttep_ep48
5,49,Bad Timing,Bubblegum Princess invents a time travel sphere that Lumpy Space Princess wants for solving her relationship problems.,7.7,1393801200,http://www.imdb.com//title/tt3551388/?ref_=ttep_ep49
5,50,Lemonhope Part One,Young Lemonhope leaves the candy kingdom after a deep desire to be free of all responsibilities grips him. So he ventures out on his own with nothing more than a lute and hope to find freedom.,8.0,1394406000,http://www.imdb.com//title/tt3551390/?ref_=ttep_ep50
5,51,Lemonhope Part Two,Lemonhope meets an adventurer who teaches him true freedom. But even with his new life of freedom he is plagued with dreams of his lemon kingdom and his family being imprisoned.,8.6,1394406000,http://www.imdb.com//title/tt3551394/?ref_=ttep_ep51
5,52,Billy's Bucket List,"Finn meets Billy's ex-girlfriend, Canyon, who finds Billy's bucket list. Finn vows to complete it for his late hero.",8.7,1395010800,http://www.imdb.com//title/tt3551396/?ref_=ttep_ep52
6,1,Wake Up,Finn tracks down who he believes is his father.,9.0,1398031200,http://www.imdb.com//title/tt3621758/?ref_=ttep_ep1
6,2,Escape from the Citadel,"Finn finds his long-lost father after following the Lich to the Citadel. As it turns out, maybe this wasn't such a good idea?",9.3,1398031200,http://www.imdb.com//title/tt3621760/?ref_=ttep_ep2
6,3,James II,"'James', Finn & Jake, and Princess Bubblegum discover that James has been cloned 25 times, and that the original zombie James is returning - and not in a good way.",7.6,1398636000,http://www.imdb.com//title/tt3621766/?ref_=ttep_ep3
6,4,The Tower,Finn decides to build a tower to space.,8.5,1399240800,http://www.imdb.com//title/tt3703172/?ref_=ttep_ep4
6,5,Sad Face,"Once a month, while Finn and Jake are asleep, Jake's tail comes to life. It travels to a little circus in the forest, where it is known as Blue Nose the sad faced clown. But Blue Nose and ...
                    See full summary »",7.1,1399845600,http://www.imdb.com//title/tt3703170/?ref_=ttep_ep5
6,6,Breezy,"In an attempt to help his wilting arm-flower, Finn begins a search for smooches with the help of a friendly bee named Breezy.",7.9,1401919200,http://www.imdb.com//title/tt3762400/?ref_=ttep_ep6
6,7,Food Chain,Finn and Jake learn how the food chain works with a little help from Magic Man.,8.3,1402524000,http://www.imdb.com//title/tt3683222/?ref_=ttep_ep7
6,8,Furniture & Meat,Finn and Jake spend all their money.,7.7,1403128800,http://www.imdb.com//title/tt3782940/?ref_=ttep_ep8
6,9,The Prince Who Wanted Everything,"Back to the Fiona and Cake universe when LSP wants the Ice King to tell (her) version of Lumpy Space Prince's life, but she has an ulterior motive.",7.4,1403733600,http://www.imdb.com//title/tt3779588/?ref_=ttep_ep9
6,10,Something Big,The Sky Witch attacks the Candy Kingdom.,8.4,1404338400,http://www.imdb.com//title/tt3957648/?ref_=ttep_ep10
6,11,Little Brother,Shelby gains a little brother who sets off to battle.,8.3,1404943200,http://www.imdb.com//title/tt3817212/?ref_=ttep_ep11
6,12,Ocarina,Kim Kil Whan wants to teach his dad Jake responsibility.,7.9,1405548000,http://www.imdb.com//title/tt3847508/?ref_=ttep_ep12
6,13,"Thanks for the Crabapples, Giuseppe! ",Ice King goes on a spiritual journey.,7.9,1406152800,http://www.imdb.com//title/tt3862844/?ref_=ttep_ep13
6,14,Princess Day,Marceline and Lumpy Space Princess cause chaos at the Breakfast Kingdom.,7.7,1406757600,http://www.imdb.com//title/tt3951422/?ref_=ttep_ep14
6,15,Nemesis,A crusader against the dark arts seeks to banish Peppermint Butler.,8.0,1407362400,http://www.imdb.com//title/tt3911902/?ref_=ttep_ep15
6,16,Joshua & Margaret Investigations,Jake tells the story of his and his brother Jermaine's' births.,8.3,1407967200,http://www.imdb.com//title/tt3913650/?ref_=ttep_ep16
6,17,Ghost Fly,"Jake kills a fly that gets into his soup. However, he and Finn must get creative when the fly returns as a powerful ghost to haunt them.",7.6,1414450800,http://www.imdb.com//title/tt4164980/?ref_=ttep_ep17
6,18,Everything's Jake,Jake is transported to a different world.,8.1,1416783600,http://www.imdb.com//title/tt4193322/?ref_=ttep_ep18
6,19,Is That You?,"After the death of Prismo, Finn and Jake do a funeral ritual. But when Jake eats the last pickle of the jar of pickles that Prismo made for him, he is transported to Prismo's lair. Will Finn be able to save him?",9.2,1416870000,http://www.imdb.com//title/tt4195610/?ref_=ttep_ep19
6,20,Jake the Brick,Jake is conducting an experiment of being a brick in a brick-shack.,8.8,1416956400,http://www.imdb.com//title/tt4198326/?ref_=ttep_ep20
6,21,The Dentist,"Finn has a toothache, so he has to go to the dentist.",8.0,1417129200,http://www.imdb.com//title/tt4203128/?ref_=ttep_ep21
6,22,The Cooler,Flame Princess asks Princess Bubblegum for help when her city is cooled down.,8.1,1417647600,http://www.imdb.com//title/tt4219584/?ref_=ttep_ep22
6,23,The Pajama War,A slumber party is being held in the Candy Kingdom and Finn and Princess Bubblegum are sent to 7 minutes in Heaven.,8.3,1420671600,http://www.imdb.com//title/tt4342784/?ref_=ttep_ep23
6,24,Evergreen,"Set in the Prehistoric Era, Evergreen and his aprentice Gunter have to stop a meteor heading towards Earth.",8.8,1421276400,http://www.imdb.com//title/tt4324630/?ref_=ttep_ep24
6,25,Astral Plane,"Finn and Jake go camping in the woods. When they go to sleep, Finn has an out-of-body experience and visits other creatures all around Ooo while he slowly ascends to space.",8.9,1421881200,http://www.imdb.com//title/tt4342792/?ref_=ttep_ep25
6,26,Gold Stars,"During his first day of school, Sweet Pea is approached by the King of OOO and his companion, Toronto, who lure him into dancing in public.",8.2,1422486000,http://www.imdb.com//title/tt4342794/?ref_=ttep_ep26
6,27,The Visitor,Finn's dream about following a comet to its crash site reunites him with an old friend.,8.0,1423090800,http://www.imdb.com//title/tt4386732/?ref_=ttep_ep27
6,28,The Mountain,"Feeling unfulfilled, both Lemongrab and Finn take an introspective journey into the Mountain of Matthew. Inside, they are faced with their desires, their fears and themselves, and must make a pivotal choice.",8.0,1423695600,http://www.imdb.com//title/tt4426996/?ref_=ttep_ep28
6,29,Dark Purple,"Its the day of the month everyone loves. Super Porp Day (grape soda in a can). Fin, Jake, BMO and Marcy are skating and waiting at the local Squeez-E-Mart for the vending machine to be ...
                    See full summary »",8.0,1424300400,http://www.imdb.com//title/tt4427000/?ref_=ttep_ep29
6,30,The Diary,"Jake's son T.V. discovers a mysterious diary in the dried-up moat of the Candy Kingdom, and becomes obsessed with finding out more about the writer known only as ""B.P.""",8.0,1424905200,http://www.imdb.com//title/tt4427006/?ref_=ttep_ep30
6,31,Walnuts & Rain,Finn & Jake stumble into two different holes and meet two different fates.,8.1,1425510000,http://www.imdb.com//title/tt4469728/?ref_=ttep_ep31
6,32,Friends Forever,The Ice King struggles with the consequences of making new friends.,7.3,1429135200,http://www.imdb.com//title/tt4485620/?ref_=ttep_ep32
6,33,Jermaine,Jake meets his brother Jermaine in a dream and decides to visit in the real world.,8.3,1429740000,http://www.imdb.com//title/tt4558248/?ref_=ttep_ep33
6,34,Chips & Ice Cream,BMO'S favorite artists find a new home in the treehouse.,7.0,1430344800,http://www.imdb.com//title/tt4613396/?ref_=ttep_ep34
6,35,Graybles 1000+,Cuber returns for the telling of another installment of the Graybles.,8.4,1430949600,http://www.imdb.com//title/tt4670012/?ref_=ttep_ep35
6,36,Hoots,A charismatic stranger in Finn's dream leads Cosmic Owl to shirk his duties.,8.4,1431554400,http://www.imdb.com//title/tt4655044/?ref_=ttep_ep36
6,37,Water Park Prank,Finn and Jake enjoy a day at the water park.,5.0,1432159200,http://www.imdb.com//title/tt4657994/?ref_=ttep_ep37
6,38,You Forgot Your Floaties,"Finn and Jake storm Magic Man's house to rescue his new apprentice who turns out to be Betty. Betty and Magic Man create a system that will make Magic Man the new King of Mars. He has a ...
                    See full summary »",8.5,1433109600,http://www.imdb.com//title/tt4722224/?ref_=ttep_ep38
6,39,Be Sweet,A fed up Lumpy Space Princess leaves the woods for a glamorous career in babysitting.,7.6,1433196000,http://www.imdb.com//title/tt4722222/?ref_=ttep_ep39
6,40,Orgalorg,Gunther experiences strange visions following a walrus race accident.,8.8,1433282400,http://www.imdb.com//title/tt4722220/?ref_=ttep_ep40
6,41,On the Lam,"Finn's father, Martin the Human, fights for freedom on a new planet.",7.6,1433368800,http://www.imdb.com//title/tt4736860/?ref_=ttep_ep41
6,42,Hot Diggity Doom,Princess Bubblegum's attention is diverted by a mysterious presence in the sky.,8.3,1433455200,http://www.imdb.com//title/tt4736890/?ref_=ttep_ep42
6,43,The Comet,"Finn, Jake, and Orgalorg converge with the comet and meet their destiny.",9.1,1433455200,http://www.imdb.com//title/tt4736892/?ref_=ttep_ep43
7,1,Bonnie & Neddy,"The greed of the King of Ooo leads to a crisis in the Candy Kingdom, and (ex-) Princess Bubblegum has to return briefly from exile to deal with it.",7.9,1446418800,http://www.imdb.com//title/tt4388470/?ref_=ttep_ep1
7,2,Varmints,Marceline and Bubblegum rekindle an old friendship while fighting off some varmints.,8.7,1446505200,http://www.imdb.com//title/tt4849092/?ref_=ttep_ep2
7,3,Cherry Cream Soda,The arrival of a visitor causes Cherry Cream Soda's life to fall flat.,7.8,1446591600,http://www.imdb.com//title/tt5179110/?ref_=ttep_ep3
7,4,Mama Said,Finn and Jake's loyalty is questioned when King of Ooo sends the duo on a mission to catch flying mushrooms.,7.7,1446678000,http://www.imdb.com//title/tt5172666/?ref_=ttep_ep4
7,5,Football,"BMO switches places with his reflection, Football.",8.3,1446764400,http://www.imdb.com//title/tt5172664/?ref_=ttep_ep5
7,6,Marceline the Vampire Queen,Finn and Jake hunt a shadowy predator and Marceline asks Princess Bubblegum for a favor.,9.1,1447628400,http://www.imdb.com//title/tt5175672/?ref_=ttep_ep6
7,7,Everything Stays,"As the sun rises on her last day, Marceline recalls her long extraordinary life.",9.5,1447628400,http://www.imdb.com//title/tt5179138/?ref_=ttep_ep7
7,8,Vamps About,Five foes from Marceline's past come back to cause trouble for the land of Ooo.,9.1,1447714800,http://www.imdb.com//title/tt5178356/?ref_=ttep_ep8
7,9,The Empress Eyes,The empress seeks her revenge and uses the Ice King as her puppet. Marceline retaliates and gets her own vengeance.,9.0,1447714800,http://www.imdb.com//title/tt5200472/?ref_=ttep_ep9
7,10,May I Come In?,Add a Plot »,9.2,1447801200,http://www.imdb.com//title/tt5180622/?ref_=ttep_ep10
7,11,Take Her Back,Add a Plot »,9.2,1447801200,http://www.imdb.com//title/tt5202928/?ref_=ttep_ep11
7,12,Checkmate,Add a Plot »,9.3,1447887600,http://www.imdb.com//title/tt5202930/?ref_=ttep_ep12
7,13,The Dark Cloud,"Following the release of the Vampire King's Vampuric essence, Finn, Jake, and Princess Bubblegum are forced into a fight against the seemingly unstoppable force without the aid of a depressed Marceline.",9.2,1447887600,http://www.imdb.com//title/tt5202932/?ref_=ttep_ep13
7,14,The More You Moe,"On BMO's birthday, Moe comes to visit and give BMO a special birthday mission. But while BMO is away, Moe begins to overstay his welcome at the tree house.",8.0,1449097200,http://www.imdb.com//title/tt5252828/?ref_=ttep_ep14
7,15,The Moe You Know,BMO continues its quest to adulthood. It'll discover that something went wrong in the factory where all the MOs where created.,8.6,1449097200,http://www.imdb.com//title/tt5253278/?ref_=ttep_ep15
7,16,Summer Showers,"Jake's Daughter, Viola helps LSP with her play, Summer Showers.",7.4,1452121200,http://www.imdb.com//title/tt5318284/?ref_=ttep_ep16
7,17,Angel Face,BMO creates a live action role-play bounty mission and sets out with Jake as his steed to capture the infamous 'Jack Rabbit Johnson'.,7.7,1452466800,http://www.imdb.com//title/tt5328198/?ref_=ttep_ep17
7,18,President Porpoise Is Missing!,"When Jakes video chat buddy goes missing, he must go look for him with Finn in Banana Man's submarine",7.1,1452553200,http://www.imdb.com//title/tt5337548/?ref_=ttep_ep18
7,19,Blank Eyed Girl,"A radio program broadcasts the most strange new, a blank eyed girl is going around scaring the inhabitants of Kandy Kingdom. Beware of the Blank Eyed Girl, it's coming for you.",8.4,1452639600,http://www.imdb.com//title/tt5320452/?ref_=ttep_ep19
7,20,Bad Jubies,"Finn, Jake, LSP and BMO must content with some deadly weather.",8.2,1452726000,http://www.imdb.com//title/tt5337584/?ref_=ttep_ep20
7,21,A King's Ransom,Ice King suffers a heartbreaking loss and it's up to Finn and Jake to find the culprit.,8.5,1452812400,http://www.imdb.com//title/tt5320450/?ref_=ttep_ep21
7,22,Scamps,A King's Ransom: Ice King suffers a heartbreaking loss and it's up to Finn and Jake to find the culprit. / Scamps: Finn takes a group of at-risk Candy Kingdom youth on a camping trip they'll never forget.,7.5,1453330800,http://www.imdb.com//title/tt5337586/?ref_=ttep_ep22
7,23,Crossover,"Due to a wish Finn asked Prismo to make, a while back Finn must now stop himself from another dimension along with a previous villian, from destroying the entire multiverse",8.9,1453935600,http://www.imdb.com//title/tt5337588/?ref_=ttep_ep23
7,24,Hall of Egress,Finn enters a mysterious dungeon and struggles to find a way out and back to Jake.,9.1,1457132400,http://www.imdb.com//title/tt5490178/?ref_=ttep_ep24
7,25,Flute Spell,"With it being rumoured that Finn is seeing someone new, Jake endeavours to find out who.",8.4,1457737200,http://www.imdb.com//title/tt5509092/?ref_=ttep_ep25
7,26,The Thin Yellow Line,Flute Spell: Jake learns that Finn's been having clandestine meetings with a powerful wizard. But what are they up to? / The Thin Yellow Line: Finn and Jake infiltrate the Banana Guard ranks and stumble upon a conspiracy.,7.9,1458342000,http://www.imdb.com//title/tt5526410/?ref_=ttep_ep26
7,27,Broke His Crown,Ice King has some problems with his crown. Princess Bubblegum helps along with Marceline.,9.0,1458946800,http://www.imdb.com//title/tt5575862/?ref_=ttep_ep27
7,28,Don't Look,"At the library, Finn learns of a mountain with treasure possessing transformative properties at its peak. He and Jake venture to find the treasure, but find more than they expected when they encounter the hermit guarding the treasure.",8.3,1459548000,http://www.imdb.com//title/tt5571800/?ref_=ttep_ep28
7,29,Beyond the Grotto,"Beyond the Grotto: In pursuit of a runaway Sea Lard, Finn and Jake are led down a whirlpool to a curious new land. / Lady Rainicorn of the Crystal Dimension: Jake's son TV finds a hidden ...
                    See full summary »",7.7,1460152800,http://www.imdb.com//title/tt5597954/?ref_=ttep_ep29
7,30,Lady Rainicorn of the Crystal Dimension,"T.V., still living with his mother, discovers a magical object and without knowing, attracts Lee - a rainicorn from the Crystal Dimension, which reveals an important part of Lady Rainicorn's past.",7.7,1460757600,http://www.imdb.com//title/tt5709708/?ref_=ttep_ep30
7,31,I Am a Sword,"Fin loses his Fin-Sword and he needs to get it back ASAP, because someone is using it to cause terror and rampage.",8.1,1461362400,http://www.imdb.com//title/tt5622154/?ref_=ttep_ep31
7,32,Bun Bun,"Princess Bubblegum feels sad that Cinnamon Bun is the only candy person in the Flame Kingdom, so she creates Bun Bun, a tiny cinnamon bun, to keep him company.",7.9,1462399200,http://www.imdb.com//title/tt5700380/?ref_=ttep_ep32
7,33,Normal Man,"Stripped of his magic powers, Normal Man enlists Finn and Jake's help to rescue his brother Glob.",8.1,1463004000,http://www.imdb.com//title/tt5654832/?ref_=ttep_ep33
7,34,Elemental,"Normal Man: Stripped of his magic powers, Normal Man enlists Finn and Jake's help to rescue his brother Glob. / Elemental: Ice King discovers something buried deep beneath the Ice Kingdom that could change Ooo forever.",8.1,1463608800,http://www.imdb.com//title/tt5698406/?ref_=ttep_ep34
7,35,Five Short Tables,Fionna and cake go on an adventure to push the art of cake to another level,7.4,1464213600,http://www.imdb.com//title/tt5719330/?ref_=ttep_ep35
7,36,The Music Hole,"Finn gets to be the judge of battle of the bands held in the Candy Kingdom, when he starts to hear music that nobody else can.",8.6,1466632800,http://www.imdb.com//title/tt5723378/?ref_=ttep_ep36
7,37,Daddy-Daughter Card Wars,"The Music Hole: While judging the hugest Battle of the Bands in the history of Ooo, Finn hears a mysterious new song. / Daddy-Daughter Card Wars: To put his embarrassing past behind him, ...
                    See full summary »",7.8,1467842400,http://www.imdb.com//title/tt5723376/?ref_=ttep_ep37
7,38,Preboot,"While searching for old human artifacts, Jake, Finn, and Susan Strong meet Tiffany, who is employed by a mysterious Doctor Gross.",7.9,1479510000,http://www.imdb.com//title/tt6186784/?ref_=ttep_ep38
7,39,Reboot,"After Susan Strong's chip is activated, she goes rogue and attacks Finn.",8.4,1479510000,http://www.imdb.com//title/tt6186786/?ref_=ttep_ep39
